Instance_number,sepallength,sepalwidth,petallengthnumeric,petalwidth,Cluster
0,5.1,3.5,1.4,0.2,1
1,4.9,3,1.4,0.2,1
2,4.7,3.2,1.3,0.2,1
3,4.6,3.1,1.5,0.2,1
4,5,3.6,1.4,0.2,1
5,5.4,3.9,1.7,0.4,1
6,4.6,3.4,1.4,0.3,1
7,5,3.4,1.5,0.2,1
8,4.4,2.9,1.4,0.2,1
9,4.9,3.1,1.5,0.1,1
10,5.4,3.7,1.5,0.2,1
11,4.8,3.4,1.6,0.2,1
12,4.8,3,1.4,0.1,1
13,4.3,3,1.1,0.1,1
14,5.8,4,1.2,0.2,1
15,5.7,4.4,1.5,0.4,1
16,5.4,3.9,1.3,0.4,1
17,5.1,3.5,1.4,0.3,1
18,5.7,3.8,1.7,0.3,1
19,5.1,3.8,1.5,0.3,1
20,5.4,3.4,1.7,0.2,1
21,5.1,3.7,1.5,0.4,1
22,4.6,3.6,1,0.2,1
23,5.1,3.3,1.7,0.5,1
24,4.8,3.4,1.9,0.2,1
25,5,3,1.6,0.2,1
26,5,3.4,1.6,0.4,1
27,5.2,3.5,1.5,0.2,1
28,5.2,3.4,1.4,0.2,1
29,4.7,3.2,1.6,0.2,1
30,4.8,3.1,1.6,0.2,1
31,5.4,3.4,1.5,0.4,1
32,5.2,4.1,1.5,0.1,1
33,5.5,4.2,1.4,0.2,1
34,4.9,3.1,1.5,0.1,1
35,5,3.2,1.2,0.2,1
36,5.5,3.5,1.3,0.2,1
37,4.9,3.1,1.5,0.1,1
38,4.4,3,1.3,0.2,1
39,5.1,3.4,1.5,0.2,1
40,5,3.5,1.3,0.3,1
41,4.5,2.3,1.3,0.3,1
42,4.4,3.2,1.3,0.2,1
43,5,3.5,1.6,0.6,1
44,5.1,3.8,1.9,0.4,1
45,4.8,3,1.4,0.3,1
46,5.1,3.8,1.6,0.2,1
47,4.6,3.2,1.4,0.2,1
48,5.3,3.7,1.5,0.2,1
49,5,3.3,1.4,0.2,1
50,7,3.2,4.7,1.4,3
51,6.4,3.2,4.5,1.5,2
52,6.9,3.1,4.9,1.5,3
53,5.5,2.3,4,1.3,2
54,6.5,2.8,4.6,1.5,2
55,5.7,2.8,4.5,1.3,2
56,6.3,3.3,4.7,1.6,2
57,4.9,2.4,3.3,1,2
58,6.6,2.9,4.6,1.3,2
59,5.2,2.7,3.9,1.4,2
60,5,2,3.5,1,2
61,5.9,3,4.2,1.5,2
62,6,2.2,4,1,2
63,6.1,2.9,4.7,1.4,2
64,5.6,2.9,3.6,1.3,2
65,6.7,3.1,4.4,1.4,2
66,5.6,3,4.5,1.5,2
67,5.8,2.7,4.1,1,2
68,6.2,2.2,4.5,1.5,2
69,5.6,2.5,3.9,1.1,2
70,5.9,3.2,4.8,1.8,2
71,6.1,2.8,4,1.3,2
72,6.3,2.5,4.9,1.5,2
73,6.1,2.8,4.7,1.2,2
74,6.4,2.9,4.3,1.3,2
75,6.6,3,4.4,1.4,2
76,6.8,2.8,4.8,1.4,2
77,6.7,3,5,1.7,3
78,6,2.9,4.5,1.5,2
79,5.7,2.6,3.5,1,2
80,5.5,2.4,3.8,1.1,2
81,5.5,2.4,3.7,1,2
82,5.8,2.7,3.9,1.2,2
83,6,2.7,5.1,1.6,2
84,5.4,3,4.5,1.5,2
85,6,3.4,4.5,1.6,2
86,6.7,3.1,4.7,1.5,2
87,6.3,2.3,4.4,1.3,2
88,5.6,3,4.1,1.3,2
89,5.5,2.5,4,1.3,2
90,5.5,2.6,4.4,1.2,2
91,6.1,3,4.6,1.4,2
92,5.8,2.6,4,1.2,2
93,5,2.3,3.3,1,2
94,5.6,2.7,4.2,1.3,2
95,5.7,3,4.2,1.2,2
96,5.7,2.9,4.2,1.3,2
97,6.2,2.9,4.3,1.3,2
98,5.1,2.5,3,1.1,2
99,5.7,2.8,4.1,1.3,2
100,6.3,3.3,6,2.5,3
101,5.8,2.7,5.1,1.9,2
102,7.1,3,5.9,2.1,3
103,6.3,2.9,5.6,1.8,3
104,6.5,3,5.8,2.2,3
105,7.6,3,6.6,2.1,3
106,4.9,2.5,4.5,1.7,2
107,7.3,2.9,6.3,1.8,3
108,6.7,2.5,5.8,1.8,3
109,7.2,3.6,6.1,2.5,3
110,6.5,3.2,5.1,2,3
111,6.4,2.7,5.3,1.9,3
112,6.8,3,5.5,2.1,3
113,5.7,2.5,5,2,2
114,5.8,2.8,5.1,2.4,3
115,6.4,3.2,5.3,2.3,3
116,6.5,3,5.5,1.8,3
117,7.7,3.8,6.7,2.2,3
118,7.7,2.6,6.9,2.3,3
119,6,2.2,5,1.5,2
120,6.9,3.2,5.7,2.3,3
121,5.6,2.8,4.9,2,2
122,7.7,2.8,6.7,2,3
123,6.3,2.7,4.9,1.8,2
124,6.7,3.3,5.7,2.1,3
125,7.2,3.2,6,1.8,3
126,6.2,2.8,4.8,1.8,2
127,6.1,3,4.9,1.8,2
128,6.4,2.8,5.6,2.1,3
129,7.2,3,5.8,1.6,3
130,7.4,2.8,6.1,1.9,3
131,7.9,3.8,6.4,2,3
132,6.4,2.8,5.6,2.2,3
133,6.3,2.8,5.1,1.5,2
134,6.1,2.6,5.6,1.4,2
135,7.7,3,6.1,2.3,3
136,6.3,3.4,5.6,2.4,3
137,6.4,3.1,5.5,1.8,3
138,6,3,4.8,1.8,2
139,6.9,3.1,5.4,2.1,3
140,6.7,3.1,5.6,2.4,3
141,6.9,3.1,5.1,2.3,3
142,5.8,2.7,5.1,1.9,2
143,6.8,3.2,5.9,2.3,3
144,6.7,3.3,5.7,2.5,3
145,6.7,3,5.2,2.3,3
146,6.3,2.5,5,1.9,2
147,6.5,3,5.2,2,3
148,6.2,3.4,5.4,2.3,3
149,5.9,3,5.1,1.8,2